<?xml version="1.0" encoding="UTF-8"?>
<beans xmlns="http://www.springframework.org/schema/beans"
	xmlns:cxf="http://camel.apache.org/schema/cxf" xmlns:p="http://cxf.apache.org/policy"
	xmlns:sec="http://cxf.apache.org/configuration/security" xmlns:xsi="http://www.w3.org/2001/XMLSchema-instance"
	xsi:schemaLocation="http://cxf.apache.org/policy http://cxf.apache.org/schemas/policy.xsd  http://www.springframework.org/schema/beans http://www.springframework.org/schema/beans/spring-beans.xsd        http://camel.apache.org/schema/spring       http://camel.apache.org/schema/spring/camel-spring.xsd http://camel.apache.org/schema/cxf           http://camel.apache.org/schema/cxf/camel-cxf.xsd http://cxf.apache.org/transports/http/configuration     http://cxf.apache.org/schemas/configuration/http-conf.xsd http://cxf.apache.org/configuration/security http://cxf.apache.org/schemas/configuration/security.xsd">


	<bean class="org.apache.camel.component.servlet.CamelHttpTransportServlet"
		id="camelHttpTransportServlet" />
	<bean class="org.springframework.boot.web.servlet.ServletRegistrationBean"
		id="servlet">
		<property name="name" value="CamelServlet" />
		<property name="servlet" ref="camelHttpTransportServlet" />
		<property name="urlMappings" value="/api/*" />
	</bean>

	<camelContext id="nameInfocontext" streamCache="true"
		xmlns="http://camel.apache.org/schema/spring">

		<restConfiguration apiContextPath="docs" component="servlet"
			contextPath="/api">
			<apiProperty key="schemes" value="{{swagger.schemes}}" />
			<apiProperty key="host" value="{{swagger.host}}" />
			<apiProperty key="base.path" value="/api" />
			<apiProperty key="api.title" value="{{swagger.api.title}}" />
			<apiProperty key="api.description" value="{{swagger.api.desc}}" />
			<apiProperty key="api.contact.name" value="{{swagger.api.contact}}" />
		</restConfiguration>
		<rest id="rest-06039eae-5f06-4e8f-89d8-370927e9bd70">
			<post consumes="application/json" id="post-49fd2030-a421-472e-8164-ca4b9ecb3ce6"
				produces="application/json" type="org.mycompany.ContactInfo" uri="/nameInfo">
				<description>Name info Use Case</description>

				<param name="body" required="true" type="body" />
				<responseMessage code="200" message="Success" />
				<responseMessage code="400" message="Bad Request" />
				<responseMessage code="500" message="Internal Server Error" />
				<to uri="direct:restNameinfo" />
			</post>
		</rest>
		<route id="nameid1" streamCache="true">
			<from id="fromid2" uri="direct:restNameinfo" />
			<!-- <to id="_CitiBank" uri="mock:restcase"/> -->

			<setHeader headerName="fname1" id="_setHeader7">
				<jsonpath>$.fname</jsonpath>
			</setHeader>

			<setHeader headerName="lname1" id="_setHeader7">
				<jsonpath>$.lName</jsonpath>
			</setHeader>
			<log id="_log77" message="values are ____${header.fname1}___${header.lname1}"/> 
			<setBody>
					<simple>{"fullname":"${header.fname1} ${header.lname1}" }</simple>
			</setBody>
			
			<to uri="mock:restTest"/>
			
			<log id="_log77" message="values are ____${body}"/>
			
		</route>
	</camelContext>
</beans>